ABACK	How the surprised are taken	3
ABASE	Shame, e.g.	7
ABATE	Peter out	3
ABBEY	Superior residence?	9
ABBOT	Superior sort?	10
ABHOR	Just hate	4
ABIDE	Stick (by)	4
ABLED	Possessing a full range of physical and mental faculties	3
ABODE	Liver spot?	10
ABORT	Go/no-go directive	4
ABOUT	On the topic of	4
ABOVE	Higher than on the totem pole	3
ABUSE	Jeers to a team at an away game, say	6
ABYSS	Mariana Trench, e.g.	7
ACORN	Something squirreled away?	9
ACRID	Stinging the eyes, say	7
ACTOR	Part man?	8
ACUTE	Not quite right?	9
ADAGE	Words to live by	3
ADAPT	Novelize, e.g.	6
ADEPT	Very capable	4
ADMIN	Post master?	10
ADMIT	Allow entrance	3
ADOBE	Feat of clay?	8
ADOPT	Get a pet from the pound, e.g.	6
ADORE	Love, love, love	2
ADORN	Zhuzh up	4
ADULT	In the majority?	10
AFFIX	Stick on	4
AFIRE	Well lit?	10
AFOOT	Like Sherlock Holmes's "game"	4
AFOUL	One way to run	4
AFTER	Before's opposite	4
AGAIN	"To repeat ..."	3
AGAPE	Visibly in awe	4
AGATE	Brightly colored rock	3
AGENT	007, for one	5
AGILE	Not stiff at all	3
AGING	Getting into a gray area?	9
AGLOW	Beaming, as with joy	4
AGONY	Having one's wisdom teeth pulled, e.g.	6
AGORA	Greek marketplace of old	3
AGREE	Line up	3
AHEAD	One way to come out	3
AIDER	Good Samaritan	3
AISLE	Seating choice	3
ALARM	Chili rating unit?	8
ALBUM	Single source?	10
ALERT	"Heads up!," e.g.	2
ALGAE	Tank top?	9
ALIBI	Claim made stronger by a witness	3
ALIEN	Superman, for one	5
ALIGN	Ally (with)	4
ALIKE	Difficult to differentiate	4
ALIVE	Above ground?	8
ALLAY	Assuage, as fears	4
ALLEY	Bowling locale	4
ALLOT	Dispense carefully	3
ALLOW	Give one's blessing to	4
ALLOY	Rose gold, e.g.	7
ALOFT	Winging it?	10
ALONE	Without company	2
ALONG	As a companion	3
ALOOF	Not very approachable	4
ALOUD	Out-spoken?	9
ALPHA	Leader of Argos?	10
ALTAR	The rite place?	9
ALTER	Neuter	2
AMASS	Run up	3
AMAZE	Leave flabbergasted	4
AMBER	Shade of yellow	3
AMBLE	Walk in the park, say	5
AMEND	Tweak, say	6
AMISS	Screwed up	3
AMITY	Opposite of hatred	4
AMONG	A part of	4
AMPLE	Quite accommodating	4
AMPLY	In sufficient quantity	4
AMUSE	Make giggle, say	7
ANGEL	Gabriel, e.g.	5
ANGER	Bring to a boil	3
ANGLE	A right one is 90°	3
ANGRY	About to explode, say	7
ANGST	Growing pain?	10
ANIME	Manga's film counterpart	4
ANKLE	Lowdown joint?	9
ANNEX	Result of an architect's winging it?	9
ANNOY	Needle, say	7
ANNUL	Change from "I do" to "I don't"?	9
ANODE	Cell component	3
ANTIC	Caper ... or going around the wrong way, in Britain?	8
ANVIL	Block with a horn	4
AORTA	Heart line	3
APART	Spaced out?	9
APHID	Greenfly, e.g.	5
APING	Making an impression?	10
APNEA	Breathing problem at night	4
APPLE	Gala, e.g.	7
APPLY	Try to get in, say	6
APRON	Kitchen wrap?	10
APTLY	How golf's Gary Player was named?	8
ARBOR	Shady shelter	4
ARDOR	Fire in the belly	4
ARENA	Team building?	8
ARGUE	Present a case at the Supreme Court, say	6
ARISE	Get off one's chest?	9
ARMOR	Full metal jacket?	9
AROMA	Kitchen magnet?	9
AROSE	Stopped lying	2
ARRAY	Layout of solar panels, e.g.	6
ARROW	--> or <--	3
ARSON	Flare-up of crime?	9
ARTSY	Prone to creative expression	4
ASCOT	Ring around the collar?	8
ASHEN	Extremely pale	3
ASIDE	Stage digression	3
ASKEW	A bit off, say	7
ASSAY	Test one's metal?	9
ASSET	Money in the bank, say	4
ATOLL	Key ring?	9
ATONE	Observe Yom Kippur, e.g.	6
ATTIC	Top-flight destination?	9
AUDIO	Sound in a broadcast	4
AUDIT	Check someone's checks?	10
AUGUR	Fortune tell	4
AUNTY	Mommy's sister	4
AVAIL	Be of service to	3
AVERT	Prevent, as a crisis	4
AVIAN	Flighty?	9
AVOID	Intentionally miss calls from, say	6
AWAIT	Stand in a queue for, say	5
AWAKE	Still up, say	7
AWARD	Cy Young, e.g.	6
AWARE	Tuned in	3
AWASH	Engulfed (in)	4
AWFUL	Label for pans?	9
AWOKE	Stopped dreaming, say	7
AXIAL	Like the rotation of the earth	3
AXIOM	x + 0 = x, e.g.	6
AXION	Particle theorized in 1977	4
AZURE	Clear sky's color	4
BACON	Strips in a club?	10
BADGE	Star of "Gunsmoke"?	9
BADLY	Very much	4
BAGEL	Hole-some breakfast food?	10
BAGGY	Like Hammer pants	4
BAKER	Doughnut?	8
BALER	Haymaker?	9
BALMY	Pleasantly warm	4
BANAL	Tired, in a way	4
BANJO	Instrument for Bela Fleck	4
BARGE	Water tower?	8
BARON	Business magnate	4
BASAL	Forming the bottom level	4
BASIC	Not complicated at all	4
BASIL	Leaves in the kitchen?	10
BASIN	Great depression?	9
BASIS	Footing	3
BASTE	Get the juices flowing?	10
BATCH	Baker's dozen?	9
BATHE	Get into some hot water?	9
BATON	Stick with the beat?	9
BATTY	Unbalanced	3
BAWDY	Like most Judd Apatow comedies	3
BAYOU	Gulf Coast habitat	4
BEACH	Place for a castle	4
BEADY	Like avaricious eyes	4
BEARD	Lengthening shadow?	10
BEAST	Grendel, e.g.	6
BEECH	Smooth-barked shade tree	4
BEEFY	Like a stereotypical bouncer	4
BEFIT	Match well with	4
BEGAN	Kicked off	4
BEGAT	Brought forth, biblically	4
BEGET	Lead to	4
BEGIN	Get the ball rolling	4
BEGUN	Underway	3
BEING	Extraterrestrial, e.g.	6
BELCH	Natural gas emission?	10
BELIE	Prove otherwise	4
BELLE	One having a ball?	10
BELLY	Chicken's yellow part?	10
BELOW	In hell, say	7
BENCH	Place for subs	4
BERET	Top of the military?	9
BERRY	Preserves something?	10
BERTH	Sea bed?	10
BESET	Attacked on all sides	4
BETEL	Nut that's a stimulant	4
BEVEL	Angle on a gem	3
BEZEL	Ring around a watch face	3
BIBLE	Missionary work?	10
BICEP	Contractor at a gym?	10
BIDDY	Fussbudget	1
BIGOT	One who sees everything in black and white?	9
BILGE	Utter nonsense	4
BILLY	Kid's father	4
BINGE	Experience four seasons in one day, say?	12
BINGO	Finishing-line cry?	10
BIOME	Forest, e.g.	7
BIRCH	Canoe maker's bark	4
BIRTH	New parents' celebration	4
BISON	Bearded bovine	4
BITTY	Teensy-weensy	2
BLACK	Ravenous?	8
BLADE	Foil, e.g.	7
BLAME	Make a scapegoat of	4
BLAND	Sans pizazz	4
BLANK	Scrabble player's asset	4
BLARE	Siren call?	10
BLAST	Cannon sound	4
BLAZE	Five-alarmer, e.g.	7
BLEAK	Cold and miserable	4
BLEAT	Sheep's peep	4
BLEED	Not be colorfast	4
BLEEP	Five-letter word that replaces a four-letter word?	9
BLEND	Purée, e.g.	6
BLESS	Sprinkle with oil, say	7
BLIMP	Big gasbag?	10
BLIND	Duck-hunting hangout	4
BLINK	Flip one's lid?	9
BLISS	Ignorance, so they say	7
BLITZ	Football rush	4
BLOAT	Excessive enlargement	4
BLOCK	Tetris piece	4
BLOKE	Manchester man	4
BLOND	Light on the top?	10
BLOOD	Bank deposit?	8
BLOOM	Nursery sight	4
BLOWN	Like some covers	4
BLUER	More sad	4
BLUFF	It may be called	3
BLUNT	Pot holder	4
BLURB	Judgment on a book's cover?	9
BLURT	Say impetuously	7
BLUSH	Red state?	10
BOARD	Side plank?	10
BOAST	"We're the best!," e.g.	4
BOBBY	Coventry cop	4
BONGO	Hand drum	4
BONUS	Helping of gravy?	10
BOOBY	Blue-footed seabird	4
BOOST	Take the wrong way?	10
BOOTH	Fair sight	4
BOOTY	Rear of a disco?	10
BOOZE	Still matter?	10
BORAX	Chemical ingredient in flubber	4
BORNE	Transported, as by water	4
BOSOM	Place of security	4
BOSSY	Always ready to order?	10
BOTCH	Bollix	3
BOUGH	Main branch of a tree	3
BOULE	Synthetic gem	3
BOUND	In book form	4
BOXER	Round person?	9
BRACE	One with a supporting role?	9
BRAID	Pigtail, e.g.	6
BRAIN	Thought spot	4
BRAKE	Mini freezer?	10
BRAND	Stock symbol?	10
BRASH	Overly self-assertive	4
BRASS	Majors, say	7
BRAVE	Boldly face	4
BRAVO	"Nice job!"	4
BRAWL	Quite a fight	4
BRAWN	He-man's asset	4
BREAD	Places where wheat is stored?	9
BREAK	School vacation	4
BREED	Boxer, for example	7
BRIAR	Sticking point?	9
BRIBE	Payola, e.g.	6
BRICK	Adobe, e.g.	7
BRIDE	Name dropper, often?	10
BRIEF	Written legal argument	4
BRINE	Distasteful solution?	9
BRING	Come with	4
BRINK	Cliff's edge	3
BRINY	Like the ocean	4
BRISK	Invigorating, as a walk	4
BROAD	Like generalizations	4
BROIL	Cook with direct heat	4
BROKE	Not having two nickels to rub together	3
BROOD	Chicks, say	7
BROOK	Babbler?	7
BROOM	Stick in the closet?	10
BROTH	Chicken stock, e.g.	6
BROWN	Lightly fry	4
BRUNT	Impact that one might "bear"	3
BRUSH	Paleontologist's tool	4
BRUTE	Person with terrible manners	4
BUDDY	Pal	1
BUDGE	Move just a little	4
BUGGY	Like many beta programs	4
BUGLE	Call of duty?	10
BUILD	Heighten	3
BUILT	Hunky	3
BULGE	Potbelly, e.g.	7
BULKY	Big and cumbersome	4
BULLY	One who might steal a classmate's lunch money	3
BUNCH	Grape group	4
BUNNY	Bugs, e.g.	7
BURLY	Built like the Hulk	4
BURNT	Black, say	6
BURST	Succumb to pressure?	10
BUSED	Didn't wait for a restaurant job?	9
BUSHY	Like a skunk's tail	4
BUTCH	Relative of Rover	4
BUTTE	City that sounds like a humdinger?	8
BUXOM	Like women in Rubens paintings	3
BUYER	Retailer's counterpart	4
BYLAW	Charter member?	9
CABAL	Coup planners	4
CABBY	Hack	3
CABIN	The Ingalls family's little house on the prairie, e.g.	6
CABLE	Computer connector	4
CACAO	Ivory Coast's main export	4
CACHE	Appropriate rhyme for "stash"	4
CACTI	Stickers?	8
CADDY	Ace of clubs?	9
CADET	General starting point?	9
CAGEY	Hardly open	4
CAIRN	Shaggy Scottish dog	4
CAMEL	Bumpy ride?	10
CAMEO	Celebrity appearance, say	7
CANAL	The Venetian way?	10
CANDY	Jawbreakers, e.g.	6
CANNY	Sharp	2
CANOE	Dugout, for one	6
CANON	Collection of laws	4
CAPER	Bank heist, e.g.	6
CARAT	Ring figure	3
CARGO	Load of ships?	9
CAROL	Number by a door?	9
CARRY	Deal in	4
CARVE	Do intaglio, e.g.	7
CASTE	Brahmans, e.g.	5
CATCH	Fisherman's 10-pounder, e.g.	7
CATER	Do the dishes?	8
CATTY	Snarky, as a remark	4
CAULK	Waterproof sealant	4
CAUSE	Gay rights, e.g.	7
CAVIL	Petty objection	4
CEASE	Go cold turkey	3
CEDAR	Shingle wood	3
CELLO	Jacqueline du Pré's instrument	4
CHAFE	Be abrasive	4
CHAFF	Leftovers from threshing	3
CHAIN	Macy's, e.g.	7
CHAIR	Professorship, e.g.	6
CHALK	Lesson writer?	10
CHAMP	Tourney winner	4
CHANT	"Olé! Olé! Olé!," for one	6
CHAOS	Total zoo	4
CHARD	Alternative to kale	4
CHARM	Third time, say	6
CHART	Hit list?	10
CHASE	Tail, maybe	4
CHASM	Deep divide	4
CHEAP	Like talk, they say	7
CHEAT	Play badly?	9
CHECK	Chess announcement	4
CHEEK	Where rouge goes	4
CHEER	Say "Yay!," say	7
CHESS	Game of checkers?	10
CHEST	Home where the heart is?	9
CHICK	Part of a clutch	4
CHIDE	Say "tut-tut"	6
CHIEF	Powhatan, e.g.	6
CHILD	Runabout?	8
CHILI	Carolina Reaper, for one	7
CHILL	"Just relax!"	4
CHIME	Sound heard every hour, perhaps	3
CHINA	Spode, e.g.	5
CHIRP	Alternative to a tweet?	10
CHOCK	Wedge placed next to a wheel to prevent it from moving	3
CHOIR	Group of vocal people	4
CHOKE	Fail under pressure	4
CHORD	Musical combo?	9
CHORE	Slog, say	7
CHOSE	Nominated, say	7
CHUCK	Throw away	4
CHUMP	Easily duped person	4
CHUNK	Solid portion	3
CHURN	Milk shaker?	10
CHUTE	Back pack?	9
CIDER	Apple press release?	10
CIGAR	Puff piece?	10
CINCH	Shoo-in	3
CIRCA	Around, as in dates	4
CIVIC	Honda model since 1972	4
CIVIL	Counterpart of criminal	4
CLACK	Striking noise	3
CLAIM	Say, say	7
CLAMP	C in shop class?	10
CLANG	Loud metallic sound	4
CLANK	Sound from a jalopy	4
CLASH	Look bad together	4
CLASP	Fastener for a bracelet	4
CLASS	Serfs, e.g.	7
CLEAN	G-rated, say	7
CLEAR	E.R. shout	4
CLEAT	Sole connector?	10
CLEFT	Like Superman's chin, famously	4
CLERK	Firm hand?	10
CLICK	Instantly get along well	4
CLIFF	Face to scale	4
CLIMB	Move up	4
CLING	Hold tightly (to)	4
CLINK	Sound from a toaster?	9
CLOAK	Partner of dagger	4
CLOCK	Measure, as a runner	4
CLONE	Cell mate?	9
CLOSE	Seal, say	7
CLOTH	Yard sale?	10
CLOUD	Sun block?	9
CLOUT	Social influence	4
CLOVE	Spice in pumpkin spice	4
CLOWN	Performer with a big mouth?	8
CLUCK	Disapproving sound	4
CLUED	Taking a hint?	10
CLUMP	Small group, as of trees	3
CLUNG	Held tightly	4
COACH	TV's Ted Lasso, e.g.	7
COAST	Land line?	9
COBRA	Fearsome snake	4
COCOA	Ghanaian and Ivorian export	4
COLON	Middle of time?	10
COLOR	Blush or rose	4
COMET	One on Santa's team	4
COMFY	Feeling good to wear, say	6
COMIC	Crack expert?	10
COMMA	Middle of 100,000?	10
CONCH	Spiral-shelled mollusk	4
CONDO	Complex thing?	9
CONIC	Like Bugles snacks	4
COPSE	Small group of trees	4
CORAL	Reef composition	4
CORER	Apple product?	10
CORNY	Groan-worthy, say, as a joke	6
COUCH	Davenport, e.g.	7
COUGH	Engine sound	3
COULD	Had the ability	4
COUNT	Go from 0 to 60, say	6
COUPE	Camaro, for one	7
COURT	Pickleball venue	4
COVEN	Charming bunch?	10
COVER	Tarp, e.g.	7
COVET	Extremely fancy?	10
COVEY	Quail flock	4
COWER	Cringe out of fear	4
COYLY	With false shyness	4
CRACK	Give in under pressure	4
CRAFT	Crossword construction, e.g.	7
CRAMP	Athlete's leg problem	4
CRANE	Common origami bird	4
CRANK	Part of many a generator	3
CRASH	Go to bed, informally	4
CRASS	Swearing up a storm, say	6
CRATE	Dog-napping spot?	10
CRAVE	Really, really fancy	4
CRAWL	Rush hour speed	4
CRAZE	Crosswords in 1924-25, e.g.	7
CRAZY	Not making sense	4
CREAK	Result of an oil shortage?	8
CREAM	Off-white shade	4
CREDO	Liturgical chant	4
CREED	Words that guide	4
CREEK	Run	3
CREEP	Peeping Tom, e.g.	7
CREME	Best, in an idiom	4
CREPE	Brunch station offering	4
CREPT	Was sluggish?	9
CRESS	Leaves for a buffet?	9
CREST	Feature of a cockatoo	4
CRICK	Neck problem	4
CRIED	Was deeply affected, maybe	4
CRIER	Old yeller?	10
CRIME	Blackmail, e.g.	7
CRIMP	Fingertips-only rock-climbing grip	4
CRISP	Potato chip, to Brits	4
CROAK	Frog's sound	4
CROCK	Stew vessel	4
CRONE	Sorcerous elder of folklore	4
CRONY	Political bosom buddy	4
CROOK	Shepherd's stick	4
CROSS	Sects' symbol?	10
CROUP	Infant's ailment	4
CROWD	Three, they say	5
CROWN	Headwear for a monarch	4
CRUDE	Lacking subtlety, say	7
CRUEL	Twisting the knife, say	7
CRUMB	Bit of bread	4
CRUMP	Loud thudding sound	4
CRUSH	Prospective sweetheart, say	7
CRUST	Piece of pizza?	10
CRYPT	Remains here?	9
CUBIC	Like volume measures	4
CUMIN	Curry powder ingredient	4
CURIO	Cabinet piece	4
CURLY	Stooge who said "Soitenly!"	4
CURRY	Chicken korma, e.g.	7
CURSE	Give a damn?	10
CURVE	Teacher's implementation	4
CURVY	Full of twists	4
CUTIE	Pie accompaniment?	10
CYBER	Modern lead-in to squat	4
CYCLE	Washer/dryer unit?	10
CYNIC	Diogenes, for one	6
DADDY	Daughter's cry?	9
DAILY	The Post or News, e.g.	5
DAIRY	No-no for a vegan	4
DAISY	Flower girl?	9
DALLY	Move slowly	4
DANCE	Swing at a ball?	10
DANDY	Fine partner?	10
DATUM	Small quantity of dope?	9
DAUNT	Cause to cower	4
DEALT	Decked out?	10
DEATH	Life partner?	10
DEBAR	Legally prohibit	4
DEBIT	Opposite of credit	4
DEBUG	Make less likely to crash?	8
DEBUT	World premiere	4
DECAL	Sticker on a model, e.g.	6
DECAY	Canine's woe?	10
DECOR	Inside look?	8
DECOY	Odd duck, maybe?	10
DECRY	Openly condemn	4
DEFER	Put off for later	4
DEIGN	Consider appropriate	3
DEITY	Pan, e.g.	6
DELAY	Test of patience	4
DELTA	Symbol of change	3
DELVE	Burrow (into)	4
DEMON	Possessive type?	10
DEMUR	Make an objection	4
DENIM	It's usually blue	4
DENSE	Like a neutron star	3
DEPOT	End of the line, maybe	3
DEPTH	Swimming pool measurement	4
DERBY	Felt hat	4
DETER	Prevent through intimidation	3
DETOX	Do a juice cleanse, say	6
DEUCE	40-40, say	7
DEVIL	Bad lover?	10
DIARY	Dear one?	10
DICEY	Very iffy	4
DIGIT	Place holder?	9
DILLY	Lollapalooza	3
DIMLY	How distant stars shine	4
DINER	Certain train car	4
DINGO	Australia's largest carnivorous mammal	4
DINGY	Gloomy and drab	4
DIODE	LED component?	10
DIRGE	Passing notes?	10
DIRTY	X-rated, say	6
DISCO	Ball club?	10
DITCH	Get rid of, informally	4
DITTO	Mark of conformity?	9
DITTY	Jingle, e.g.	5
DIVER	School visitor?	9
DIZZY	Kind of blond, once	3
DODGE	Challenger, e.g.	7
DODGY	Not to be believed	4
DOGMA	Set of tenets	4
DOING	Taking care of	4
DOLLY	What keeps a camera rolling?	9
DONOR	Kickstarter contributor	4
DONUT	Coffee mate?	9
DOPEY	Disney dwarf who "never had anything to say"	5
DOUBT	Impostor syndrome feeling	4
DOUGH	It gets baked	4
DOWDY	Old-fashioned in attire	4
DOWEL	Bounty holder?	10
DOWNY	Popular fabric softener	3
DOWRY	Marriage money	4
DOZEN	Box of 12, say	7
DRAFT	Send to the front?	9
DRAIN	Emotionally tax	4
DRAKE	Daffy Duck, for one	7
DRAMA	Field of play?	10
DRANK	Had a spirited session?	9
DRAPE	Hang loose?	9
DRAWL	Say "y'all," say	6
DRAWN	Like curtains and cartoons	4
DREAD	Foreboding feeling	4
DREAM	Free movie starring yourself?	10
DRESS	Slip cover?	8
DRIED	Sat on a clothesline, say	6
DRIER	Having less vermouth, say	7
DRIFT	Get carried away	4
DRILL	Private practice?	10
DRINK	Have trouble passing the bar?	9
DRIVE	Automatic selection?	9
DROIT	Right in France	4
DROLL	Risky endeavor, idiomatically	4
DRONE	Quadcopter, e.g.	7
DROOL	Mouth watering?	10
DROOP	Show listlessness	4
DROSS	Useless leftovers	4
DROVE	Was the designated one?	10
DROWN	Smother, as with sauce	4
DRUID	Merlin was one, some say	6
DRUNK	Intoxicated	3
DRYER	Alternative to hanging out?	10
DRYLY	With deadpan delivery	4
DUCHY	Brunswick, e.g., once	4
DULLY	Sans sparkle	4
DUMMY	Ventriloquist's prop	3
DUMPY	Hardly chic	4
DUNCE	Simpleton	3
DUSKY	Full of shadows	4
DUSTY	Common name for a cowboy	3
DUTCH	From Holland	4
DUVET	Replacement for a top sheet and blanket	3
DWARF	Happy or Sleepy, e.g.	7
DWELL	Harp (on)	4
DWELT	Lived in King James's era?	9
DYING	Going out, as embers	4
EAGER	Breathless	2
EAGLE	Quarter back?	8
EARLY	At dawn, say	7
EARTH	Here we are!	4
EASEL	Supporter of the arts?	8
EATEN	Gone from the plate	3
EATER	Real downer?	8
EBONY	Wood for black piano keys	3
ECLAT	Brilliant effect	3
EDICT	Papal bull, e.g.	5
EDIFY	Give moral guidance	4
EERIE	Bone-chilling	2
EGRET	"Snowy" wader	3
EIGHT	Ice figure?	9
EJECT	Toss from the game	4
EKING	Scraping (out)	4
ELATE	Give a lift	2
ELBOW	Sneeze guard?	10
ELDER	Respected figure	3
ELECT	Put into power	3
ELEGY	Dead lines?	9
ELFIN	A little cute?	10
ELIDE	Say "I dunno," say	6
ELITE	Like SEALs	3
ELOPE	Run into a hitch?	9
ELUDE	Manage to avoid	3
EMAIL	Net result?	8
EMBED	Stick into a post, say	6
EMBER	After burner?	10
EMCEE	Jon Stewart, for one	5
EMPTY	Ready for a refill, say	6
ENACT	Opposite of kill	3
ENDOW	Fund, as a college	4
ENEMY	The other side	3
ENJOY	Find pleasure in	4
ENNUI	Listless malaise	4
ENSUE	Subsequently occur	4
ENTER	"The door's open!"	2
ENTRY	Raffle ticket, e.g.	7
ENVOY	Diplomatic professional	4
EPOCH	Early Jurassic, e.g.	7
EPOXY	Sticker?	7
EQUAL	Like 4! and 24	4
EQUIP	Provide things for	4
ERASE	Get rid of	2
ERECT	Be constructive?	9
ERODE	Lose ground?	8
ERROR	Diamond flaw?	8
ERUPT	Hit the ceiling	4
ESSAY	Bacon bit?	9
ESTER	Dimethyl sulfate, e.g.	5
ETHER	Dioxane, e.g.	6
ETHIC	Standard of living?	8
ETHOS	Standard of living?	9
ETUDE	Practice piano piece	3
EVADE	Dance around	3
EVENT	Javelin, e.g.	6
EVERY	Not just any	4
EVICT	Unsettle?	8
EVOKE	Stir up	4
EXACT	On the nose	4
EXALT	Opposite of humble	4
EXCEL	Get all A's, say	7
EXERT	Use, as one's influence	4
EXILE	Anyone who's "in" this is out	3
EXIST	Simply be	4
EXPEL	Drive out by force	3
EXTOL	Rhapsodize over	4
EXTRA	Terrestrial opening?	9
EXULT	Exchange high-fives, e.g.	6
EYING	Looking over	4
FABLE	"The Wolf in Sheep's Clothing," for one	6
FACET	Plane on a diamond	4
FAINT	Barely there	4
FAIRY	Tinker Bell, for one	7
FAITH	Zoroastrianism, e.g.	7
FALSE	Like many mustaches in film	3
FANCY	Dig, say	7
FANNY	"Funny Girl" role for which Barbra Streisand won an Oscar	3
FARCE	"Duck Soup," for one	7
FATAL	Ruinous, as some flaws	4
FATTY	Like some unwanted deposits	4
FAULT	Server error?	10
FAUNA	The birds and the bees, e.g.	6
FAVOR	Party souvenir	4
FEAST	The Last Supper, e.g.	7
FEIGN	Affect	2
FELLA	Gent	3
FELON	Cooler person?	10
FEMME	Woman: Fr.	4
FEMUR	Pelvis-patella connector	4
FENCE	One running a hot business?	9
FERAL	Not tamed	4
FERRY	Transport back and forth	4
FETAL	Prebirth	3
FETCH	"Get on the stick!"?	9
FETID	Stinking to high heaven	4
FETUS	Internal development?	10
FEVER	Hotheadedness?	9
FEWER	Like the number of Oscars vis-à-vis the number of Emmys	3
FIBER	Inner strength, so to speak	3
FIBRE	British strand	3
FICUS	Popular indoor tree	4
FIELD	Handle, as questions	4
FIEND	One who's devilishly devoted?	10
FIERY	Full of passion	4
FIFTH	Liquor store purchase	4
FIFTY	Grant money?	9
FIGHT	All hits all the time?	9
FILER	Auditor's target	4
FILET	Steakhouse choice	4
FILLY	Rare Belmont winner	4
FILMY	Thin and light	3
FILTH	Squalor	3
FINAL	Stress test?	10
FINCH	Seedeater, say	5
FINER	Of higher quality	4
FIRST	Destination of a walk	4
FISHY	Hard to believe	4
FIXER	Darkroom chemical solution	4
FJORD	Ice carving?	10
FLACK	P.R. person	4
FLAIL	Throw one's hands up, say	6
FLAIR	Distinctive style	4
FLAKE	Undependable sort	4
FLAKY	Like a good biscuit	4
FLAME	Inamorata, say	6
FLANK	Stand at the side of	3
FLARE	Distress signal device	4
FLASH	Moment of inspiration	4
FLASK	Item "spirited" past security?	10
FLECK	Small particle	4
FLEET	Assembly of starships	4
FLESH	Shylock's security	4
FLICK	Hit, as the lights	4
FLIER	Speculative venture	4
FLING	One-night stand, say	7
FLINT	City NNW of Detroit	4
FLIRT	Bat an eye, say	7
FLOAT	Ice cream shop purchase	4
FLOCK	Churchgoers	3
FLOOD	Result of failing banks?	9
FLOOR	Lower limit	4
FLORA	Biota component	4
FLOSS	Line through one's teeth?	10
FLOUR	Grocery bagful	4
FLOUT	Treat with scorn	3
FLOWN	Airlifted (in)	4
FLUFF	Trivial entertainment	4
FLUID	Not set in stone	4
FLUKE	Happy accident	4
FLUME	Water park feature	4
FLUNG	Thrown with force	4
FLUNK	Not pass	4
FLUSH	Even (with)	4
FLUTE	Glass with bubbles	4
FLYER	Philadelphia N.H.L.er	3
FOAMY	Having a big head?	9
FOCAL	In the middle	4
FOCUS	"Pay attention!"	4
FOGGY	Like the weather around a lighthouse, maybe	3
FOIST	Dump (on)	3
FOLIO	Four-page sheet	3
FOLLY	Lunacy	3
FORAY	Exploratory trip	4
FORCE	Use a crowbar on, say	5
FORGE	Make a name for oneself?	8
FORGO	Pass up	4
FORTE	F in music class?	10
FORTH	Into the open	4
FORTY	Double a score	4
FORUM	Poster board?	10
FOUND	Lost's opposite	4
FOYER	Place for a coatrack	4
FRAIL	Easily hurt	4
FRAME	Article about a photo?	10
FRANK	Architect Gehry	4
FRAUD	Identity theft, for one	7
FREAK	Go bananas	4
FREED	Made available, with "up"	4
FREER	Not so tied up	4
FRESH	Farm-to-table, say	7
FRIAR	Man on a mission?	10
FRIED	Mentally worn out	4
FRILL	Bit of embellishment	4
FRISK	Check for pieces, say	7
FRITZ	Lang who directed "Metropolis"	4
FROCK	Monk's wear	3
FROND	Part of a palm	4
FRONT	Cover for illicit activity	4
FROST	Poet with four Pulitzers	4
FROTH	Lager-head?	9
FROWN	What a left parenthesis suggests in an emoticon	3
FROZE	Was paralyzed with fear, say	6
FRUIT	Peach or persimmon	4
FUDGE	G-rated oath	4
FUGUE	Bach composition	4
FULLY	In toto	3
FUNGI	Mushrooms, e.g.	6
FUNKY	Like James Brown's music	2
FUNNY	Peculiar	2
FUROR	Red state	4
FURRY	Like stuffed animals	4
FUSSY	Ill-tempered, as a baby	4
FUZZY	Lacking focus	4
GAFFE	Putting one's foot in one's mouth, e.g.	6
GAILY	In a lively manner	4
GAMER	PlayStation pro, e.g.	7
GAMMA	Delta follows it	4
GAMUT	Whole kit and caboodle	4
GASSY	Bloated, say	7
GAUDY	Loud and flashy	4
GAUGE	Dashboard instrument	4
GAUNT	Too lean	4
GAUZE	First-aid kit staple	4
GAVEL	Auctioneer's mallet	4
GAWKY	Nervously awkward	4
GAYER	More mirthful	4
GAYLY	In a jubilant fashion	4
GAZER	Person with a crystal ball	2
GECKO	One sticking around the rain forest?	9
GEEKY	Tech-obsessed, say	7
GEESE	Birds that honk	3
GENIE	Object of wishful thinking?	9
GENRE	Horror, e.g.	6
GHOST	Dead man walking?	10
GHOUL	One present in spirit?	10
GIANT	"Fee-fi-fo-fum" sayer	4
GIDDY	Euphoric	2
GIRLY	Not tomboyish	4
GIRTH	Costumer's measurement	4
GIVEN	Presumption, in math	4
GIVER	Generous sort	4
GLADE	Febreze competitor	4
GLAND	Prostate, e.g.	7
GLARE	Give someone the stink eye, e.g.	6
GLASS	Flute, e.g.	7
GLAZE	Final ceramic layer	4
GLEAM	Good thing to have in one's eye?	9
GLEAN	Extract, as information	4
GLIDE	Skate effortlessly	4
GLINT	Flicker of light	4
GLOAT	Win like a loser?	10
GLOBE	Small world?	10
GLOOM	Atmosphere of despondency	4
GLORY	Battlefield renown	4
GLOSS	Lip shine	4
GLOVE	Something good to have on hand for cold weather?	9
GLYPH	Rosetta Stone figure	4
GNASH	Grind, in a way	4
GNOME	Bearded garden figurine	4
GODLY	Like the devout	4
GOING	Making a feeble effort	4
GOLEM	Jewish folklore creature	4
GOLLY	"Well, jeepers!"	4
GONAD	Ovary, for example	7
GONER	Toast, with "a"	4
GOODY	"That's great!"	4
GOOEY	Like melted chocolate	4
GOOFY	Comically ridiculous	4
GOOSE	Layer of gold?	10
GORGE	Deep pass?	10
GOUGE	Dig (out)	4
GOURD	Pumpkin, e.g.	7
GRACE	Blessing before a meal	4
GRADE	Leave one's mark?	10
GRAFT	Payola, e.g.	6
GRAIL	Object of knightly quests	4
GRAIN	Millet, for one	6
GRAND	Concert piano	4
GRANT	Study aid?	9
GRAPE	Chardonnay, for one	7
GRAPH	Boardroom plot?	10
GRASP	Take firm hold of	4
GRASS	What mowers mow	4
GRATE	Go in circles	4
GRAVE	Acute ... or the opposite of acute	3
GRAVY	Contents of some boats	4
GRAZE	Subsist on field rations?	10
GREAT	Aunt or uncle's leader?	10
GREED	It's a sin	4
GREEN	Sinking area?	9
GREET	Wave to, say	7
GRIEF	Something good for Charlie Brown?	9
GRILL	Relentlessly question	4
GRIME	Dirty coat	4
GRIMY	In need of a good scrubbing	3
GRIND	9-to-5 work	4
GRIPE	Letter to the editor, often	3
GROAN	[Here we go again]	4
GROIN	Where two barrel vaults intersect, in architecture	3
GROOM	Union man?	10
GROPE	Really feel for?	10
GROSS	Part of G.D.P.	4
GROUP	Put into categories	4
GROUT	Cavity filler	4
GROVE	Small group of trees	4
GROWL	Shepherd's warning	4
GROWN	In the majority?	9
GRUEL	Congee, e.g.	7
GRUFF	Harsh and brusque	4
GRUNT	Powerlifter's sound	4
GUARD	Play defense against	4
GUAVA	Agua fresca fruit	4
GUESS	Say "…, say," say	7
GUEST	Member of the inn crowd?	9
GUIDE	Seeing Eye dog, e.g.	7
GUILD	Artisans' group	4
GUILE	Trait of Loki	4
GUILT	Basis of some admissions	4
GUISE	Facade	3
GULCH	Narrow ravine	4
GUMBO	Cajun stew	4
GUMMY	Like envelope seals	3
GUPPY	Aquarium staple	3
GUSTO	Enthusiastic enjoyment	4
GUSTY	Like challenging kite-flying weather	4
GYPSY	Carmen, for one	6
HABIT	Smoking or procrastination, e.g.	7
HAIRY	Like a 100-mile-an-hour taxi ride?	8
HALVE	Split in two	4
HANDY	Good at fixing leaky faucets and creaky hinges, say	6
HAPPY	In good spirits	4
HARDY	Kind of wreath	4
HAREM	An elephant seal will fight for one	6
HARPY	Half-human/half-bird creature of myth	4
HARRY	Dirty cop?	10
HARSH	More than unpleasant	4
HASTE	Decorating	3
HASTY	Carelessly quick	4
HATCH	Tank top?	10
HATER	One without a kind word to say	6
HAUNT	Favorite bar, say	7
HAUTE	It's high in France	4
HAVEN	Peaceful refuge	4
HAVOC	State of mayhem	4
HAZEL	Maid-for-TV?	8
HEADY	Having an exhilarating effect	4
HEARD	In one ear?	10
HEART	Soul mate?	8
HEATH	Toffee candy bar brand	4
HEAVE	Emit, as a large sigh	3
HEAVY	Requiring extra postage, say	6
HEDGE	Divider of lots	4
HEFTY	Not at all light	4
HEIST	Safe job?	10
HELIX	Thread of a screw, e.g.	6
HELLO	Pick-up line?	9
HENCE	"As such ..."	4
HERON	Egret, e.g.	6
HILLY	Good for sledding, say	7
HINGE	Certain swinger	4
HIPPO	Campus opening?	10
HIPPY	Wide in the middle	3
HITCH	Minor difficulty	4
HOARD	Mega-store?	9
HOBBY	Unpaid interest?	10
HOIST	Jack, e.g.	6
HOLLY	Hunter on screen	4
HOMER	Long ball	4
HONEY	About which you might always say "Bee prepared"?	12
HONOR	Knight shtick?	10
HORDE	Huns by the hundreds, say	6
HORNY	Aroused, informally	4
HORSE	Silver, for one	5
HOTEL	Quarters costing dollars?	10
HOTLY	With anger	4
HOUND	Afghan, e.g.	7
HOUSE	What has a lot of room to grow?	9
HOVEL	Squalid dwelling	4
HOVER	Stay up?	9
HOWDY	Cowboy's greeting	3
HUMAN	Not perfect	4
HUMID	Hot partner?	10
HUMOR	Hear out, say	7
HUMPH	[Grumble, grumble]	4
HUMUS	Nutrient-rich soil component	4
HUNCH	Feeling	3
HUNKY	Like a Chippendales dancer	4
HURRY	Make tracks	3
HUSKY	Like Lauren Bacall's voice	4
HUSSY	Impudent lady	4
HUTCH	Rabbit holder	4
HYDRO	Dynamic start?	9
HYENA	Member of a den	4
HYPER	On a sugar rush, say	6
ICILY	In a standoffish manner	4
ICING	Sugar coating?	9
IDEAL	10 out of 10	3
IDIOM	A perfect storm, e.g.	7
IDIOT	Pinhead	2
IDLER	Aesop's grasshopper, for one	7
IDYLL	Bucolic work	4
IGLOO	Dome-icile?	9
ILIAC	Connected to a hipbone	4
IMAGE	Public perception	3
IMBUE	Infuse (with)	4
IMPEL	Push on	4
IMPLY	Say without saying?	12
INANE	Lacking sense	2
INBOX	Locale for new emails	4
INCUR	Rack up, as expenses	4
INDEX	Dow Jones, e.g.	7
INEPT	Lacking skill	4
INERT	Like noble gases	3
INFER	Derive via logic	4
INGOT	Bar from the bank?	10
INLAY	Gold deposit?	8
INLET	Sound, e.g.	6
INNER	Not superficial	3
INPUT	X, in linear functions	4
INTER	National leader?	9
INTRO	Starter course	3
IONIC	Like the bonds of table salt	3
IRATE	Steaming mad	2
IRONY	Complaining about social media on Facebook, say	6
ISLET	Minor key?	10
ISSUE	One of Us?	8
ITCHY	Feeling rash?	10
IVORY	Elephant tusk material	4
JAUNT	Brief excursion	4
JAZZY	Full of pizazz	4
JERKY	Beef product	4
JETTY	Reducer of pier pressure?	9
JEWEL	Ring highlight?	10
JIFFY	Second	3
JOINT	Ball-and-socket, for one	6
JOIST	Supporting timber in home construction	3
JOKER	One getting lost in the shuffle?	8
JOLLY	Like St. Nick	4
JOUST	Competition among mail carriers?	9
JUDGE	Bench warmer?	9
JUICE	Press release?	9
JUICY	Like good gossip	4
JUMBO	Like some shrimp and jets	3
JUMPY	Skittish	2
JUNTA	Coup group	4
JUNTO	Cabal	1
JUROR	Peer review participant?	10
KAPPA	10th in a series	4
KARMA	"Actions have consequences" principle	4
KAYAK	Boat going back and forth?	9
KEBAB	Skewered meat dish	4
KHAKI	Material for work?	10
KINKY	Twisted	2
KIOSK	Stand-alone business?	10
KITTY	Cat, cutesily	4
KNACK	Bent	3
KNAVE	Jack's other name	4
KNEAD	Work in the kitchen?	10
KNEED	Jointly attacked?	10
KNEEL	Prepare to tie a shoelace, say	6
KNELT	Posed in the front row of a team photo, say	6
KNIFE	Machete, e.g.	7
KNOCK	Forgo a ring, maybe	4
KNOLL	Bit of raised land	4
KNOWN	In the public consciousness	4
KOALA	Certain tree-hugger	4
KRILL	Filter feeder's fodder	4
LABEL	Valentino, e.g.	7
LABOR	Cabinet department since 1913	4
LADEN	Weighted with freight	4
LADLE	Here's the scoop!	4
LAGER	Lumberjack's favorite kind of beer?	9
LANCE	Knight stick?	9
LANKY	Tall and lean	4
LAPEL	Pin point?	9
LAPSE	Fall back into one's old ways	3
LARGE	Like a Venti at Starbucks	3
LARVA	Doodlebug, e.g.	6
LASSO	Get in the loop?	9
LATCH	Shut securely	4
LATER	Casual farewell	4
LATHE	Woodworker's spinner	4
LATTE	Place for cafe art	4
LAUGH	Crack up	4
LAYER	Mantle, e.g.	7
LEACH	Draw out with water	4
LEAFY	Like spinach or chard	4
LEAKY	In need of patching, say	6
LEANT	Tilted, in Stilton	4
LEAPT	Performed a pas de chat, e.g.	6
LEARN	Get schooled	4
LEASE	Home pages?	9
LEASH	Line on a doodle, perhaps?	9
LEAST	Tiniest bit	3
LEAVE	Sabbatical, e.g.	5
LEDGE	Cliffhanger locale?	9
LEECH	This sucks!	4
LEERY	Not too sure	4
LEFTY	Lou Gehrig, for one	6
LEGAL	Within bounds	4
LEGGY	Like herons and flamingos	4
LEMON	Common iced tea garnish	4
LEMUR	King Julien of "Madagascar," for one	6
LEPER	Sufferer healed by Jesus	4
LEVEL	Be honest (with)	4
LEVER	Pry bar, e.g.	7
LIBEL	Print issue?	10
LIEGE	Renaissance Faire title	4
LIGHT	Match, for a cigarette	4
LIKEN	Make an analogy with, with "to"	3
LILAC	Soap scent	3
LIMBO	Bar entertainment?	10
LIMIT	One to a customer, e.g.	5
LINEN	Tablecloths and napkins	3
LINER	Queen Mary, e.g.	6
LINGO	Jive, e.g.	5
LIPID	Fatty acid, for one	7
LITHE	Able to bend smoothly	4
LIVER	Storm-tracking aid	4
LIVID	Seeing red	4
LLAMA	Andean animal with a long neck	3
LOAMY	Like good farm soil	4
LOATH	Not inclined	4
LOBBY	Hotel area	4
LOCAL	Certain pub	3
LOCUS	Points all around?	10
LODGE	Moose, e.g.	6
LOFTY	High, as goals	4
LOGIC	Detective's asset	4
LOGIN	Prepare to go on Facebook, say	6
LOOPY	Like cursive handwriting, typically	4
LOOSE	Set free	3
LORRY	Heavy British vehicle	4
LOSER	Second or third person?	10
LOUSE	Target of permethrin cream	4
LOUSY	No good at all	4
LOVER	Romantic sort	4
LOWER	Less lofty	4
LOWLY	Humble, as a manger	4
LOYAL	Like a good scout	4
LUCID	Perfectly clear	3
LUCKY	Like four-leaf clovers, supposedly	4
LUMEN	Measure of brightness	4
LUMPY	Like most oatmeal	4
LUNAR	Kind of rover	4
LUNCH	Midday meal	4
LUNGE	Quad-strengthening exercise move	4
LUPUS	Latin "wolf"	4
LURCH	Move suddenly and unsteadily	4
LURID	Designed to pique interest, say	6
LUSTY	Maybe too amorous	4
LYING	Not straight	4
LYMPH	Colorless bodily fluid	4
LYNCH	Jane of "Glee"	4
LYRIC	Line in a song	4
MACAW	Multihued bird	4
MACHO	Full of swagger, say	7
MACRO	Introduction to economics?	8
MADAM	Oft-contracted address	4
MADLY	Head over heels	4
MAFIA	Family name?	10
MAGIC	Card tricks, e.g.	7
MAGMA	Heated pool?	10
MAIZE	Johnnycake grain	4
MAJOR	The Masters or British Open, e.g.	5
MAKER	Ending with taste or trouble	3
MAMBO	Caribbean ballroom dance	4
MAMMA	Member of la famiglia	4
MAMMY	Scarlett O'Hara's housemaid	4
MANGA	Japanese comics	4
MANGE	Canine affliction	4
MANGO	Hinduism's "king of fruits"	4
MANGY	Like a sorry-looking dog	4
MANIA	Reaction to the Beatles in 1964, e.g.	6
MANIC	More than excited	4
MANLY	Hairy-chested, say	7
MANOR	Bruce Wayne's home, for one	5
MAPLE	What a helicopter might fly out of?	9
MARCH	Drill bit?	10
MARRY	Unionize?	8
MARSH	Rush home?	10
MASON	Layperson?	9
MASSE	Tricky pool shot	4
MATCH	One getting fired after a strike?	9
MATEY	Swabbie's chum	4
MAUVE	Color similar to lilac	4
MAXIM	"Less is more," for one	6
MAYBE	Label for a pile of submissions	3
MAYOR	Head to town?	10
MEALY	Like Red Delicious apples	4
MEANT	Was serious about	4
MEATY	Loaded with substance	4
MECCA	What leads many people to say "Let's face it"?	12
MEDAL	Purple Heart, e.g.	6
MEDIA	Press, e.g.	7
MEDIC	First aid provider	4
MELEE	More than a scuffle	3
MELON	Cantaloupe, e.g.	6
MERCY	"My goodness!"	4
MERGE	Enter a busy freeway	4
MERIT	Philip Morris brand	3
MERRY	Like the month of May?	7
METAL	Lead, e.g.	7
METER	Ticker in a taxi	4
METRO	Montreal's rapid transit system	4
MICRO	Soft opening?	10
MIDGE	Tiny fly	4
MIDST	Thick (of)	4
MIGHT	Strength	1
MILKY	Like opals	4
MIMIC	Parody, say	7
MINCE	Not say directly	6
MINER	Gold digger?	10
MINIM	Tiniest bit	4
MINOR	Not requiring much attention, say	6
MINTY	Like many breath fresheners	4
MINUS	Demerit	3
MIRTH	Good cheer	4
MISER	Dough nut?	10
MISSY	Rapper Elliott	4
MOCHA	Chocolate/coffee mix	4
MODAL	Most frequent, statistically	4
MODEL	Heidi Klum, for one	7
MODEM	Router hookup	4
MOGUL	Big gun	4
MOIST	Dewy, e.g.	7
MOLAR	Pepper grinder?	10
MOLDY	Starting to get blue?	9
MONEY	Exchanged notes?	9
MONTH	The "1" in 1/2, e.g.	6
MOODY	In a swing state?	10
MOOSE	Glacier National Park sighting	4
MORAL	Storybook ending?	9
MORON	No-brainer?	7
MORPH	Reform?	9
MOSSY	Unlike a rolling stone?	9
MOTEL	Quarters costing dollars?	9
MOTIF	Fleur-de-lis, e.g.	7
MOTOR	Move quickly, informally	4
MOTTO	State line?	10
MOUND	Place for a pitcher	4
MOUNT	Get on one's high horse?	9
MOURN	Sit shiva, e.g.	7
MOUSE	One just squeaking by?	10
MOUTH	Conversation opener?	9
MOVER	Professional boxer?	10
MOVIE	Dinner companion?	9
MOWER	Diamond cutter?	10
MUCKY	Covered with sludge	4
MUDDY	Roil, as the waters	4
MULCH	Woodchips, e.g.	6
MUMMY	Boris Karloff title role, with "the"	1
MUNCH	Chew (on)	2
MURAL	"The Last Supper," for one	6
MURKY	Like dirty water	4
MUSHY	Overly romantic	4
MUSIC	Scores, e.g.	6
MUSKY	Like some scents for men	3
MUSTY	Like many attics	4
MYRRH	Biblical birthday gift	4
NADIR	Acme's antonym	4
NAIVE	Easily misled	3
NANNY	Mrs. Doubtfire, e.g.	7
NASAL	Nosy?	9
NASTY	Downright mean	4
NATAL	Concerning one's coming out?	8
NAVAL	Involving warships	4
NAVEL	Lint trap?	10
NEEDY	Clinging, say	6
NEIGH	Ask for hay, say?	12
NERDY	Passionately brainy, say	7
NERVE	Cheek or backbone	4
NEVER	Word before and after "say"	5
NEWER	Having a higher model number, say	5
NEWLY	For the first time	4
NICER	Mean less?	10
NICHE	Special-interest, e.g.	7
NIECE	One who may be grand?	8
NIGHT	When doubled, "Sleep well"	4
NINJA	Japanese sneaker?	10
NINNY	Numbskull	3
NINTH	Finish on a diamond?	10
NOBLE	Like neon gas	4
NOBLY	À la king?	10
NOISE	Static, e.g.	5
NOISY	Screaming and shouting, say	7
NOMAD	Movable type?	10
NOOSE	Western necktie?	8
NORTH	Pole position?	9
NOSEY	Like a buttinsky	4
NOTCH	Belt mark	4
NOVEL	Toni Morrison's "Beloved," for one	6
NUDGE	Nonverbal attention-getter	4
NURSE	Shot-putter?	9
NUTTY	Off one's trolley	3
NYLON	Alternative to polyester	4
NYMPH	Young termite, e.g.	7
OAKEN	Like many wine barrels	4
OBESE	Having a lot to lose?	6
OCCUR	Strike, with "to"	3
OCEAN	Body resting in bed?	9
OCTAL	Eight-ish?	8
OCTET	Scorpion's legs, e.g.	7
ODDER	Less expected	4
ODDLY	"Funny you should say that ..."	6
OFFAL	Meat market scraps	4
OFFER	Two-for-one, e.g.	7
OFTEN	On a regular basis	4
OLDEN	Yore-ic?	8
OLDER	Less green, maybe	4
OLIVE	Tapenade ingredient	3
OMBRE	Hair color blending technique	4
OMEGA	Rolex rival	3
ONION	Guacamole ingredient	3
ONSET	Beginning phase	4
OPERA	"La Bohème," for one	6
OPINE	Speculate, say	6
OPIUM	Morphine source	4
OPTIC	Microscope component	4
ORBIT	Round trip?	8
ORDER	Law partner?	8
ORGAN	Set of pipes?	10
OTHER	Significant person?	8
OTTER	Riverbank romper	3
OUGHT	Need (to)	4
OUNCE	Measure of regret?	10
OUTDO	Get the edge over	4
OUTER	Edgy?	8
OUTGO	Tide's ebb, e.g.	6
OVARY	Egg shell?	10
OVATE	Eggy?	8
OVERT	In-your-face	2
OVINE	Just like ewe?	8
OVOID	Semicircular?	9
OWING	Taking credit?	10
OWNER	Possessive noun?	10
OXIDE	Quicklime, e.g.	7
OZONE	Protection around the world?	9
PADDY	Chia growth area?	10
PAGAN	Druid, e.g.	7
PAINT	Brush up on?	10
PALER	Less tanned, say	7
PALSY	Chummy	3
PANEL	"Meet the Press" group	4
PANIC	Cold sweat	4
PANSY	Johnny-jump-up, e.g.	7
PAPAL	Like a visit from Benedict XVI, e.g.	6
PAPER	The Times or the Daily News, e.g.	6
PARER	Apple product	4
PARKA	Cold comfort?	9
PARRY	Deflect, as an insult or a sword	3
PARSE	Mince words?	8
PARTY	Have a ball?	8
PASTA	Noodles, e.g.	6
PASTE	Word-processing command	3
PASTY	Cornish meat pie	4
PATCH	Fix (up)	4
PATIO	Chaise scene?	9
PATSY	Unwitting mark	4
PATTY	Hamburger, e.g.	6
PAUSE	Remote button	4
PAYEE	Part of a check list?	9
PAYER	One with checks and balances?	8
PEACE	One translation of "aloha"	4
PEACH	Gorgeous Georgian?	9
PEARL	Cultured sort?	10
PECAN	Praline nugget	4
PEDAL	Brake, e.g.	6
PENAL	Like certain corrections	4
PENCE	The "p" in Paddington Station?	9
PENNE	Pasta for a pesto	4
PENNY	Wise leader?	10
PERCH	Catbird seat?	10
PERIL	Situation for Pauline?	8
PERKY	Upbeat and cheerful	4
PESKY	Irksome, like a fly	4
PESTO	Gnocchi topper	3
PETAL	Bee-dazzler?	9
PETTY	Spiteful about little slights	4
PHASE	Adolescence, for one	7
PHONE	One called upon to talk?	8
PHONY	Hypocrite, say	7
PHOTO	Start to finish?	9
PIANO	Source of grand sounds?	9
PICKY	Eating only certain things	4
PIECE	Queen or king, e.g.	7
PIETY	High fidelity?	9
PIGGY	Little digit?	9
PILOT	One winging it?	10
PINCH	Problem with tight shoes	4
PINEY	Like some cleaning products	4
PINKY	Finger used to swear?	10
PINTO	Bean in refried beans	4
PIPER	Certain itinerant musician	4
PIQUE	Arouse, as intrigue	4
PITCH	Marketing spiel	4
PITHY	Clever and brief	4
PIVOT	Revolution in basketball?	10
PIXEL	Point of computer technology?	10
PIXIE	Tinker Bell, for one	6
PIZZA	Something from the oven	4
PLACE	Follow the leader?	10
PLAID	Black Watch, for one	6
PLAIN	Bagel option	4
PLAIT	Lock combination?	10
PLANE	Nose-in-the-air type?	10
PLANK	Hard core exercise?	10
PLANT	Mole, e.g.	7
PLATE	Side dish?	10
PLAZA	Common statue setting	4
PLEAD	Seek mercy, say	6
PLEAT	Iron production?	10
PLIED	Practiced sedulously	4
PLIER	Buy-one-get-one-free item?	9
PLUCK	Fiddle with a ukulele?	10
PLUMB	Measure the depth of	4
PLUME	Knight sight?	9
PLUMP	Zaftig	3
PLUNK	Coin sound	3
PLUSH	Like luxurious pillows	4
POESY	Frost bit?	10
POINT	Make an identification digitally?	10
POISE	Confident bearing	4
POKER	Pot grower's activity?	10
POLAR	From the Arctic	4
POLKA	Oktoberfest dance	4
POLYP	Hydra, for one	5
POOCH	Lab, for one	7
POPPY	Opium flower	4
PORCH	Where people typically go to the mat?	9
POSER	Phony one	4
POSIT	Propose as fact	4
POSSE	Western followers?	9
POUCH	Holder of a baby kangaroo	3
POUND	Repeatedly hit hard	4
POUTY	Wearing a scowl	4
POWER	Electricity, e.g.	7
PRANK	April fool, e.g.	7
PRAWN	10-legged crustacean	4
PREEN	Engage in excessive self-reflection?	9
PRESS	Court defense?	8
PRICE	A dime a dozen, say?	12
PRICK	Cause to pop, say	7
PRIDE	Pack of lions	4
PRIED	Asked too much?	9
PRIME	7 or 11, e.g.	7
PRIMO	Grade A	4
PRINT	Forensic unit's discovery	4
PRIOR	Something that might lengthen a sentence?	9
PRISM	Light shower?	10
PRIVY	A party (to)	4
PRIZE	Pirate's booty, say	7
PROBE	Get personal, say	7
PRONE	Ready for a back rub, say	6
PRONG	Dining tip?	10
PROOF	Mathematician's creation	4
PROSE	Essay writing, e.g.	7
PROUD	Full of oneself	4
PROVE	Bring the receipts for, as they say	6
PROWL	Beat around the bush?	10
PROXY	Designated representative	4
PRUDE	Easily shockable sort	4
PRUNE	Bush whack?	9
PSALM	"The Lord is my shepherd ...," for one	6
PUDGY	Like babies' legs, often	4
PUFFY	Like eyes after a good cry	3
PULPY	Like some orange juice	4
PULSE	Wrist watch?	10
PUNCH	Forcefulness	3
PUPAL	Almost ready to be a butterfly	3
PUPIL	Student of optometry?	9
PUPPY	A little husky?	10
PUREE	Strain to make?	10
PURER	More golden, say	7
PURGE	Dystopian horror film of 2013, with "The"	3
PURSE	Something strapped for cash?	10
PUSHY	Too forward	4
PUTTY	Play-Doh, e.g.	7
PYGMY	Little person	4
QUACK	Phony doc	4
QUAIL	Small egg producer	4
QUAKE	Faultfinder's concern?	9
QUALM	Pang of conscience	4
QUARK	A tiny bit strange?	10
QUART	Two 55-Downs	3
QUASH	Make void	3
QUASI	Early	3
QUEEN	"Bohemian Rhapsody" band	4
QUEER	The "Q" in L.G.B.T.Q.	4
QUELL	Stop, as an uprising	4
QUERY	"Who?," e.g.	4
QUEST	Jason's journey, e.g.	6
QUEUE	Get in line	4
QUICK	Apt	3
QUIET	Classroom command	4
QUILL	Tool for telling?	10
QUILT	Bedcover made of patches	4
QUIRK	Odd behavior	4
QUITE	To a great extent	4
QUOTA	Fixed share of work	4
QUOTE	Bit in Bartlett's	4
QUOTH	Verb in "The Raven"	4
RABBI	Synagogue leader	4
RABID	Like sports fans who paint their faces, say	6
RACER	One who's in the heat?	9
RADAR	Speed reader?	9
RADII	The two sides of Pac-Man's mouth, say	5
RADIO	Wave catcher?	8
RAINY	Precipitous?	9
RAISE	Employee's reward	3
RAJAH	Member of the Eastern establishment?	8
RALLY	Turn around on Wall Street?	9
RALPH	Author Ellison	4
RAMEN	Dorm room staple food	4
RANCH	Dude's place?	8
RANDY	Feeling sexually aroused	4
RANGE	The Rockies, e.g.	6
RAPID	The "R" of REM	4
RARER	More pink, perhaps	3
RASPY	Not smooth	4
RATIO	Debt to equity, for example	6
RATTY	In serious disrepair	4
RAVEN	Jet black, as hair	4
RAYON	Fiber made from cellulose	4
RAZOR	Bathroom cabinet item	4
REACH	-	3
REACT	Gape or gasp, say	7
READY	Set preceder?	9
REALM	Ruler's dimensions?	10
REARM	Supply with more ammo, say	6
REBAR	Ridged rod in construction	4
REBEL	Buck the establishment	4
REBUS	Image problem?	10
REBUT	Argue against	3
RECAP	Make a long story short?	8
RECUR	Appear over?	10
RECUT	Edit for TV, say	6
REEDY	Like wetlands, typically	4
REFER	Send to a specialist, say	6
REFIT	Update the equipment in	4
REGAL	À la king?	8
REHAB	Bring up to modern standards, say	6
REIGN	Cover many subjects?	9
RELAX	Enjoy a spa day, say	6
RELAY	4x100, e.g.	7
RELIC	Fossil, e.g.	5
REMIT	Verb on an invoice	4
RENAL	Related to the kidneys	4
RENEW	Ask for more Time?	8
REPAY	Maintain one's credit rating?	9
REPEL	Put off	4
REPLY	Opposite of forward?	10
RERUN	Deja view?	10
RESET	Put back to zero, say	4
RESIN	Myrrh, for one	6
RETCH	[Yuck!]	3
RETRO	Certain rocket engine	3
RETRY	Go after following a hung jury, say	6
REUSE	Upcycle, say	7
REVEL	Have a ball	4
REVUE	Variety offering	4
RHINO	Spike the Beanie Baby, e.g.	6
RHYME	What Prancer and Dancer do that Rudolph and Vixen don't?	9
RIDER	Headless Horseman, e.g.	7
RIDGE	Where to take the high road?	9
RIFLE	Browning, for one	6
RIGHT	Like rain?	9
RIGID	Like hard-liners	4
RIGOR	Opposite of laxness	4
RINSE	Get the suds out	3
RIPEN	Come of age?	8
RIPER	Less green, say	7
RISEN	Up now	4
RISER	Stand onstage, perhaps	4
RISKY	Like playing Russian roulette	4
RIVAL	Fischer, to Spassky, e.g.	7
RIVER	Delta connection?	10
RIVET	Jeans reinforcer	4
ROACH	Blunt end?	10
ROAST	Where one might be in the hot seat?	8
ROBIN	Bat boy?	10
ROBOT	Metal worker?	9
ROCKY	Trainer in "Creed"	4
RODEO	Bull session?	9
ROGER	"I got you"	4
ROGUE	Daring way to go	4
ROOMY	Not cramped	4
ROOST	Fowl pole?	9
ROTOR	Chopper spinner	4
ROUGE	Reddish application to cheeks	4
ROUGH	Golf course part	4
ROUND	Not cornered?	9
ROUSE	Shake, maybe	4
ROUTE	Dispatch (toward)	4
ROVER	Opportunity on Mars, e.g.	7
ROWDY	Hard to control	4
ROWER	Person making waves?	9
ROYAL	Queen, for one	7
RUDDY	Kind of complexion	4
RUDER	Showing less refinement	4
RUGBY	Game with scrums	4
RULER	Minos or Midas	4
RUMBA	Movement from Cuba?	10
RUMOR	Product of a grapevine?	10
RUPEE	Calcutta currency	4
RURAL	In the country	4
RUSTY	Out of top form	4
SADLY	"Sorry to say ..."	7
SAFER	More prudent, say	7
SAINT	Good Samaritan, say	7
SALAD	Leaves for dinner?	9
SALLY	Ride in space	4
SALON	Permanent location?	10
SALSA	Taco topper	4
SALTY	Full of curses, say	7
SALVE	Rash decision?	9
SALVO	One discharged from the Navy?	8
SANDY	Good name for a beachcomber?	9
SANER	More with it	3
SAPPY	Like many a rom-com or maple tree	3
SASSY	Overly wise, say	7
SATIN	Smooth kind of finish	3
SATYR	Mythical luster?	10
SAUCE	A.1., for one	7
SAUCY	Like some teenagers and pasta	3
SAUNA	Place for sweaters, but not shirts?	9
SAUTE	Pan-cook, in a way	4
SAVOR	Not gobble, say	7
SAVOY	Cabbage with crinkly leaves	4
SAVVY	"Get it?"	3
SCALD	Burn with water	4
SCALE	2:1, e.g.	7
SCALP	Skullcap?	9
SCALY	Snakelike, in a way	4
SCAMP	Lovable rascal	4
SCANT	Very little	4
SCARE	Near miss	4
SCARF	Aid in avoiding the draft?	7
SCARY	Lovecraftian	3
SCENE	Clip component	3
SCENT	Lavender, for one	6
SCION	Issue for a noble family?	9
SCOFF	Say "As if!," e.g.	7
SCOLD	Give a lecture, say	7
SCONE	Crumbly coffeehouse confection	4
SCOOP	Reporter's big get	4
SCOPE	Viewing aid	4
SCORE	Make a point, say	7
SCORN	Hold in contempt	4
SCOUR	Clean with steel wool, say	6
SCOUT	Silver companion?	9
SCOWL	Death stare	4
SCRAM	Pest-removal word?	8
SCRAP	Toss out	3
SCREE	Mountainside debris	4
SCREW	Turning point in construction?	10
SCRUB	Hit the dirt hard?	10
SCRUM	Formation of rugby players	4
SCUBA	Enjoy some rays?	10
SEDAN	Auto suggestion?	9
SEEDY	One-star, say	7
SEGUE	"Speaking of which ...," for example	6
SEIZE	Grab control of	4
SENSE	Just know	3
SEPIA	Brown tone	3
SERIF	Roman font feature	4
SERUM	Clear component of blood	4
SERVE	Start court proceedings?	8
SETUP	Sting operation, e.g.	7
SEVEN	Mickey Mantle's retired jersey	4
SEVER	Break off completely	4
SEWER	Underline?	9
SHACK	Roughhouse?	9
SHADE	Contempt, in slang	4
SHADY	Not to be trusted	4
SHAFT	Elevator passageway	4
SHAKE	Malted, e.g.	7
SHAKY	Tenuous	2
SHALE	Cement ingredient	4
SHALL	Strong will?	9
SHALT	Dated will?	9
SHAME	Guilty feeling	4
SHANK	Bone-in cut of lamb, e.g.	6
SHAPE	The animal of an animal cracker, e.g.	6
SHARD	Result of a breakup?	9
SHARE	Piece of the pie	4
SHARK	Jet fighter?	10
SHARP	Pointed, say	7
SHAVE	Clear one's head?	10
SHAWL	Nice thing after getting the cold shoulder?	9
SHEAR	Take off, as a heavy coat?	9
SHEEN	Lip gloss quality	4
SHEEP	Things you can count on to help you get to sleep?	9
SHEER	Thin and transparent	4
SHEET	What's often kept undercover?	10
SHEIK	Title role for Valentino	3
SHELF	Keeper of the books?	10
SHELL	Mobile home?	10
SHIED	Drew away	4
SHIFT	Leave first or second, say	5
SHINE	Have a standout performance	4
SHINY	Glistening, as Christmas ornaments	4
SHIRE	Oxford attachment?	10
SHIRK	Avoid responsibilities	4
SHIRT	Back cover?	10
SHOAL	Wet bar?	10
SHOCK	[!!!!]	3
SHONE	Really stood out	4
SHOOK	Tried to identify, in a way, as a wrapped gift	3
SHOOT	Relative of a stalk	4
SHORE	Place to wash up?	10
SHORN	Unlocked?	8
SHORT	Current issue?	10
SHOUT	Tallyho, e.g.	6
SHOVE	Less-than-subtle basketball foul	4
SHOWN	Proven as accurate	4
SHOWY	Theatrical	2
SHREW	Mammal in the Soricidae family	3
SHRUB	Forsythia, for one	7
SHRUG	"No idea" gesture	4
SHUCK	Prepare, as oysters or corn	3
SHUNT	Push aside	4
SHUSH	[I'm trying to listen!]	4
SHYLY	Without much confidence	4
SIEGE	Campaign against Troy, e.g.	5
SIEVE	What's a strain to cook with?	8
SIGHT	Something to behold	4
SIGMA	Head of ancient Sparta?	9
SILKY	Supersmooth	3
SILLY	Frivolous	3
SINCE	Considering the fact that	4
SINEW	Power cord?	9
SINGE	Blacken a bit	4
SIREN	Parthenope, for one	4
SISSY	Namby-pamby sort	4
SIXTH	The last Pope Paul, e.g.	5
SIXTY	Count on one hand?	10
SKATE	Senator's footwear?	10
SKIER	One needing a lift?	10
SKIFF	Small, flat-bottomed boat	4
SKILL	Listing on a résumé	4
SKIMP	Be cheap, say	7
SKIRT	Mini, e.g.	6
SKULK	Hide in the shadows	4
SKULL	Noodle container?	10
SKUNK	Ain't I a stinker?	10
SLACK	Opposite of tautness	4
SLAIN	Defeated, in a way	4
SLANG	Head for the toilet, say?	12
SLANT	Biased point of view	4
SLASH	Mark of Zorro?	10
SLATE	Lineup at the polls	3
SLAVE	One emancipated by emancipation	4
SLEEK	Glossed over?	10
SLEEP	Time out?	9
SLEET	Cold shower?	9
SLEPT	Had dreams, presumably	4
SLICE	Pie/8?	7
SLICK	Certain ocean pollution	4
SLIDE	It's a slippery slope	4
SLIME	Say nasty things about	7
SLIMY	Oozing smarm	4
SLING	Cast supporter?	9
SLINK	Move clandestinely	4
SLOOP	Knockabout, e.g.	6
SLOPE	Algebra I calculation	4
SLOSH	Walk through mud, say	6
SLOTH	Epitome of laziness	4
SLUMP	Weak period	4
SLUNG	Thrown (over)	4
SLUNK	Moved stealthily, colloquially	4
SLURP	Result of loose lips?	10
SLUSH	Watery snow	4
SLYLY	With a wink, say	7
SMACK	Suggest, with "of"	4
SMALL	S on a T?	10
SMART	Whiplike?	7
SMASH	Big overhead?	8
SMEAR	Campaign dirty trick	3
SMELL	Common sense?	8
SMELT	Get the lead out?	9
SMILE	What you do just for grins?	9
SMIRK	Smile that's not a warm smile	3
SMITE	Strike from the Bible?	10
SMITH	Expert on forgery?	10
SMOCK	Artist's garb	4
SMOKE	Go to pot?	10
SMOKY	Like a sultry eye shadow look	3
SMOTE	Struck, biblically	4
SNACK	Chips, e.g.	7
SNAIL	One with home protection?	9
SNAKE	Anaconda, e.g.	7
SNAKY	S-shaped	2
SNARE	Game stopper?	9
SNARL	Traffic hang-up	4
SNEAK	Move covertly	4
SNEER	Mocking smile	3
SNIDE	Indirectly unkind	4
SNIFF	[Is this still good?]	4
SNIPE	Small grouse	4
SNOOP	One who's in your business?	9
SNORE	Sleep soundly?	8
SNORT	Act bullish?	10
SNOUT	Pig leader?	10
SNOWY	Flaky?	8
SNUCK	Ducked (out)	4
SNUFF	Tobacco that's inhaled	4
SOAPY	Joy-filled?	9
SOBER	Lacking sauce?	10
SOGGY	Unpleasantly wet	4
SOLAR	Sunny?	8
SOLID	Cube, e.g.	7
SOLVE	Do a crossword, say	7
SONAR	Sub standard?	9
SONIC	Sega hedgehog	4
SOOTH	Truth from long ago?	9
SOOTY	Like Santa on Christmas Eve?	8
SORRY	"Excuse me"	4
SOUND	Like a good proof	4
SOUTH	Deep place?	9
SOWER	Harvester of the future	4
SPACE	Astronaut's realm	4
SPADE	What often has a heart beat?	9
SPANK	Back slap?	9
SPARE	Slash on a scoresheet	4
SPARK	Sign of romantic chemistry	4
SPASM	Charley horse, e.g.	6
SPAWN	Lay eggs, as fish	4
SPEAK	Common dog command	4
SPEAR	Warrior's weapon	3
SPECK	Jot	3
SPEED	Drive crazy?	10
SPELL	Compete in a bee	4
SPELT	Hulled wheat	4
SPEND	Hit the mall, say	7
SPENT	Lost one's balance?	8
SPERM	Certain bank deposit	4
SPICE	Mace, for one	7
SPICY	Rated PG-13 or R, say	6
SPIED	Was an agent, say	7
SPIEL	Infomercial presentation, e.g.	7
SPIKE	Certain volleyball hit	4
SPIKY	Like some moussed hair	4
SPILL	Tell all	4
SPILT	All over the counter, say	5
SPINE	Title holder?	8
SPINY	Like a porcupine's back	4
SPIRE	What may be on the horizon?	9
SPITE	Intentionally hurt	4
SPLAT	Food fight sound effect	4
SPLIT	Alley oops?	9
SPOIL	Share, as a plot?	10
SPOKE	Put into words	4
SPOOF	Weird Al Yankovic's "Amish Paradise," for one	6
SPOOK	Give the heebie-jeebies	4
SPOOL	It's all wound up	4
SPOON	Snuggle in bed, say	6
SPORE	Fern's reproductive cell	4
SPORT	Squash, e.g.	7
SPOUT	Teakettle feature	4
SPRAY	Mist a spot?	10
SPREE	Response to winning a lottery, maybe	3
SPRIG	Snippet of greenery	4
SPUNK	Precious mettle?	9
SPURN	Reject, as a lover	4
SPURT	Sudden burst of speed	4
SQUAD	Nine, in baseball	4
SQUAT	Play catcher, say	5
SQUIB	Small firecracker	4
STACK	Formation of poker chips	4
STAFF	Noted lines?	10
STAGE	Play ground?	10
STAID	Humorless	3
STAIN	Long-lasting lip makeup	4
STAIR	Series of steps	3
STAKE	Sticking point for a gardener?	9
STALE	Played out	3
STALK	Something out standing in its field?	8
STALL	Silver quarters?	8
STAMP	What takes a licking and keeps on sticking?	9
STAND	Score keeper?	10
STANK	Performed poorly, informally	4
STARE	Blank look	3
STARK	Like some contrasts	4
START	Jump back, maybe	3
STASH	Drug agent's seizure	3
STATE	Chihuahua, for one	6
STAVE	Wine barrel strip	4
STEAD	Farm extension?	10
STEAK	T-bone, e.g.	6
STEAL	Total bargain	3
STEAM	Letter opener?	9
STEED	Knight mare?	9
STEEL	"Stainless" metal	3
STEEP	Sharply inclined	3
STEER	Take turns?	9
STEIN	Bier holder	4
STERN	Back of a ship	3
STICK	Cane, e.g.	5
STIFF	Leave nothing behind?	9
STILL	Sauce maker?	8
STILT	What might help someone get a leg up?	9
STING	Injury from a jellyfish	4
STINK	Put on a lousy show, say	5
STINT	Really economize	3
STOCK	Market share?	10
STOIC	Zeno, for one	6
STOKE	Pump up	4
STOLE	Made hot?	9
STOMP	Foot-pound?	9
STONE	Diamond, e.g.	6
STONY	Insensitive to human feeling	4
STOOD	Went head over heels?	10
STOOL	Parking spot at a bar?	9
STOOP	Keep a low profile?	9
STORE	Stockholder?	8
STORK	One with a frog in its throat?	9
STORM	Tempe_ _ _ _ _onsoon, e.g.	6
STORY	End of a flight?	9
STOUT	Guinness, e.g.	6
STOVE	Boiling point?	9
STRAP	Rein, e.g.	5
STRAW	Little sucker?	9
STRAY	Part of a pound?	10
STRIP	Lose the threads?	10
STRUT	Sashay, say	7
STUCK	Fast	3
STUDY	Sketch done in preparation for a finished piece	3
STUFF	Things, collectively	4
STUMP	Campaign (for)	4
STUNG	Bitten sharply	4
STUNK	Was horrible	4
STUNT	Double execution?	9
STYLE	Editor's concern	3
SUAVE	Real smooth	4
SUGAR	Lump sum?	10
SUING	Taking action against	4
SUITE	Pieces together?	10
SULKY	In a pouty mood	4
SULLY	Stain, as a reputation	4
SUMAC	Cause of a rash reaction?	9
SUNNY	Fair forecast	4
SUPER	"All right!"	4
SURER	Having fewer reservations	4
SURGE	Super power?	9
SURLY	Bad-tempered and unfriendly	4
SUSHI	Maki or temaki	4
SWAMI	Know-it-all?	9
SWAMP	Washington, once, so they say	6
SWARM	Fly ball?	10
SWASH	Bravado	2
SWATH	Strip of mowed grass	4
SWEAR	Utter hell, say?	13
SWEAT	Drops in the gym?	10
SWEEP	Gather dust?	10
SWEET	Coming-of-age celebration	4
SWELL	Peachy keen	4
SWEPT	Went 4-0, say	7
SWIFT	Fleet-footed ("A Maypole")	4
SWILL	Unappetizing drink	4
SWINE	Boorish sorts	4
SWING	Afford, casually	4
SWIRL	Barista's flourish	4
SWISH	Sweet Jazz sound?	10
SWOON	Require smelling salts, say	7
SWOOP	Word after one fell?	9
SWORD	Old arena draw?	10
SWORE	Delivered an oath?	10
SWORN	Like testimony at trial	4
SWUNG	Totally shifted the momentum of	3
SYNOD	Gathering of bishops	4
SYRUP	Soft drink concentrate, e.g.	7
TABBY	Pet feline	4
TABLE	Postpone for now	4
TABOO	Game with a card that might say "Lawyer: court judge legal crime case"	6
TACIT	Assumed, say	6
TACKY	Exhibiting poor taste	4
TAFFY	Carnival treat	4
TAINT	Contaminating trace	4
TAKEN	Reserved, as seats	4
TAKER	"Givee"	3
TALLY	Keep score, say	7
TALON	Nature's fishhook, you might say	6
TAMER	Circus chairperson?	9
TANGO	Sierra follower	4
TANGY	Citrusy, e.g.	7
TAPER	Come to the point?	9
TAPIR	Jungle herbivore	4
TARDY	Spoiling one's attendance record, say	6
TAROT	Sun deck?	9
TASTE	Spoonful, say	5
TASTY	"Mmm, that's good!"	4
TATTY	Ragged	2
TAUNT	Call mean names, say	7
TAWNY	Caramel relative	4
TEACH	Do schoolwork?	8
TEARY	In a flow state?	10
TEASE	Pick on	2
TEDDY	Purchase in a bear market?	9
TEETH	Canines, e.g.	5
TEMPO	Something to keep in a band?	9
TENET	Part of a doctrine	3
TENOR	Plácido Domingo, for one	6
TENSE	Ex-lax?	7
TENTH	Like J, alphabetically	4
TEPEE	Cone made of canvas, say	6
TEPID	Like a 2 1/2-star review, say	6
TERRA	Land at an Italian airport?	8
TERSE	Like tweets, by necessity	3
TESTY	Easily annoyed	4
THANK	Tip, say	7
THEFT	Piracy, e.g.	7
THEIR	Not your or my, say	5
THEME	Uniting idea	4
THERE	Word repeated when consoling	4
THESE	More of this?	10
THETA	Eighth letter	4
THICK	Like pea soup fog	4
THIEF	Note taker?	10
THIGH	Mini revelation?	10
THING	Doohickey	3
THINK	Use one's noodle	4
THIRD	Left base?	10
THONG	Minimal coverage provider?	10
THORN	Garden-variety poker?	10
THOSE	The items over there	4
THREE	Outside shot?	9
THREW	Lost intentionally	4
THROB	What bad headaches do	4
THROW	Comfy couch accessory	4
THRUM	Steady engine sound	4
THUMB	Something that turns up when you snap your fingers?	9
THUMP	Sound of a bass drum	3
THYME	Mint family herb	4
TIARA	Pageant topper	3
TIBIA	Bone in the leg	4
TIDAL	Start of a big wave?	9
TIGER	Richard Parker in "Life of Pi," for one	6
TIGHT	Like BFFs	4
TILDE	High mark in Spanish class?	9
TIMER	Kitchen counter?	9
TIMID	Unlikely to speak first, say	6
TIPSY	Lightly hammered?	10
TITAN	Hyperion, for one	5
TITHE	Offering in church	4
TITLE	Count, e.g.	6
TOAST	A best man may make one	3
TODAY	Rush order deadline	4
TODDY	Hot cocktail	4
TOKEN	Valentine heart, e.g.	7
TONAL	Carrying a key?	10
TONGA	Island kingdom	4
TONIC	Common mixer	4
TOOTH	Filling station?	10
TOPAZ	Dark yellow shade	4
TOPIC	Talking point	4
TORCH	Dangerous juggling prop	4
TORSO	Body of art?	7
TORUS	Hula hoop, for one	7
TOTAL	Add up to	3
TOTEM	Head over head?	10
TOUCH	Fencer's score	4
TOUGH	"Too bad!"	4
TOWEL	Item that may say "his" or "hers"	6
TOWER	Minaret, e.g.	6
TOXIC	2004 Britney Spears hit	4
TOXIN	Venom, e.g.	7
TRACE	Smidgen	3
TRACK	Follow in another's footsteps?	9
TRACT	GI, e.g.	7
TRADE	Masonry, for one	5
TRAIL	Fall behind	4
TRAIN	Transportation for a bride?	10
TRAIT	Dimples or freckles, e.g.	7
TRAMP	Lady love?	9
TRASH	Drag-and-drop disposal icon	4
TRAWL	Big drag on a fishing expedition?	9
TREAD	Sole protector?	10
TREAT	Bonbon, e.g.	6
TREND	Go viral	4
TRIAD	C-E-G, e.g.	6
TRIAL	Mason's work?	8
TRIBE	Group making a reservation?	10
TRICE	Blink of an eye	4
TRICK	Double-cross, e.g.	7
TRIED	True companion?	9
TRIPE	Nonsensical talk	4
TRITE	Used too much	3
TROLL	Needle on a thread?	10
TROOP	Batch of Brownies?	9
TROPE	Busy businesswoman in a rom-com, e.g.	6
TROUT	Game on the line?	9
TROVE	Treasure stash	4
TRUCE	Stay in the fight?	10
TRUCK	Semi, e.g.	7
TRUER	More blue?	9
TRULY	"Honest to goodness!"	4
TRUMP	Take precedence over	4
TRUNK	Jack holder	4
TRUSS	Support structure	4
TRUST	Money you can't touch?	9
TRUTH	Matter of fact?	8
TRYST	Sweet meet?	9
TUBAL	Like some pregnancies	3
TUBER	Rutabaga, for one	7
TULIP	Fluorescent bulb, maybe	4
TULLE	Common material in tutus	4
TUMOR	Chemo target	4
TUNIC	Old habit?	10
TURBO	Raiser of horses?	10
TUTOR	One offering help in passing?	9
TWANG	Nashville sound?	9
TWEAK	Minor modification	3
TWEED	Professorial material?	9
TWEET	Message that might be sent in a storm?	9
TWICE	Time and time again?	9
TWINE	Big tier?	9
TWIRL	Go a few rounds, say?	12
TWIST	Unexpected plot development	4
TWIXT	In the midst of	4
TYING	Lace work?	10
UDDER	Farmer's squeeze?	10
ULCER	Reason for some bellyaching?	10
ULTRA	Marine leader?	10
UMBRA	Shadow during an eclipse	4
UNCLE	Pawnbroker, in slang	3
UNCUT	Raw, as a gem	4
UNDER	Out at the dentist's?	9
UNDID	Corrected with Ctrl+Z	4
UNDUE	Not warranted or appropriate	4
UNFED	Needing nourishment	4
UNFIT	Not working out?	10
UNIFY	Make one	4
UNION	Strike force?	9
UNITE	Pull together	3
UNITY	Opposite of division	4
UNLIT	Totally in the dark?	10
UNMET	Like some high expectations	4
UNSET	Like freshly poured concrete	4
UNTIE	Make a knot not?	10
UNTIL	What may come before further notice?	9
UNWED	Not taken seriously?	10
UNZIP	Drop, like flies?	10
UPPER	Lower's opposite	4
UPSET	Surprise win	3
URBAN	Opposite of rural	3
USAGE	Electricity bill datum	4
USHER	Singer with the 1998 #1 hit "Nice & Slow"	3
USING	On drugs, say	7
USUAL	What's standard, with "the"	4
USURP	Take badly?	10
UTILE	Of practical value	4
UTTER	Say	4
VAGUE	Unclear	3
VALET	Park worker?	10
VALID	Not yet expired, say	7
VALOR	Hero's virtue	4
VALUE	Really care about	4
VALVE	Device on a duct	4
VAPID	Uninspired	3
VAPOR	Fog, e.g.	7
VAULT	Spring event in the Summer Olympics?	9
VAUNT	Acclaim	3
VEGAN	Like soy milk	4
VENOM	Dangerous injection	4
VENUE	Where the show must go on?	9
VERGE	Borderline	3
VERSE	Writer's block?	10
VERSO	Left to the editor?	10
VERVE	Élan	3
VICAR	Clergy member	4
VIDEO	Clip, e.g.	6
VIGIL	Candlelight ceremony	4
VIGOR	Partner of vim	4
VILLA	Home on the Riviera, say	6
VINYL	Like records that are easily broken?	9
VIOLA	EGOT-winning actress Davis	4
VIPER	Fer-de-lance, for one	6
VIRAL	Widely shared, say	7
VIRUS	Bad strain?	10
VISIT	Pop in	4
VISOR	Sun shield	4
VISTA	Grand outlook	4
VITAL	Like some signs	4
VIVID	Very strong	4
VIXEN	Den mother	4
VOCAL	In no way reticent	4
VODKA	The spirit of Russia?	10
VOGUE	Prevailing fashion	4
VOICE	Say-so	5
VOILA	Revealing word	4
VOTER	Party person?	10
VOUCH	Testify (for)	4
VOWEL	Rarity in a Polish name?	9
VYING	In competition (for)	4
WACKY	Like the Three Stooges	4
WAFER	Host at church, say	6
WAGER	Bucks on a horse, e.g.	6
WAGON	Oregon Trail vehicle	4
WAIST	Underwear size measurement	4
WAIVE	Not claim, say	7
WALTZ	The final dance in "The Nutcracker," for one	6
WARTY	Like witches and gourds	4
WASTE	Watermelon rind, e.g.	6
WATCH	Band instrument?	8
WATER	Something that's well-kept?	10
WAVER	Sing vibrato, say	7
WAXEN	Like crayons	4
WEARY	Far from fresh	4
WEAVE	Drive drunkenly, say	7
WEDGE	Doorstop, e.g.	6
WEEDY	Needing hoeing, say	7
WEIGH	Hang in the balance?	10
WEIRD	Out of the ordinary	4
WELCH	Raquel of "Fantastic Voyage"	4
WELSH	From Swansea, say	7
WENCH	Elizabethan barmaid	4
WHACK	Off, in mob-speak	4
WHALE	Humpback, e.g.	6
WHARF	Place to unload	4
WHEAT	Durum, for one	6
WHEEL	Revolutionary invention?	10
WHELP	Young boxer, e.g.	6
WHERE	Spot check?	8
WHICH	"This one or that one?"	3
WHIFF	Swing and miss	4
WHILE	Stretch	3
WHINE	"Do I have to?," for one	6
WHINY	Prone to beefing	4
WHIRL	Go for a spin	4
WHISK	Beat in a bake-off?	10
WHITE	Like a well-brushed canine, say	6
WHOLE	More than 1% or 2%	3
WHOOP	Cry of delight	4
WHOSE	Question of ownership	4
WIDEN	Add a lane to, say	5
WIDER	Like EE vis-à-vis E	4
WIDOW	Typographical no-no	4
WIDTH	Factor in area calculation	4
WIELD	Exercise, as influence	4
WILLY	Candymaker Wonka	4
WIMPY	Hardly macho	4
WINCE	Cab destination?	10
WINCH	Sail-hoisting device	4
WINDY	Like Iceland's weather most of the year	3
WISER	Older companion?	10
WISPY	Like thin clouds	4
WITCH	Hex nut?	10
WITTY	Pun-filled, say	7
WOKEN	No longer out?	10
WOMAN	Amazon, e.g.	6
WOMEN	Sirens, e.g.	6
WOODY	Folk icon Guthrie	4
WOOER	Beau with roses, say	7
WOOLY	Like a sheep	4
WOOZY	Mentally unclear	4
WORDY	Going on and on	3
WORLD	Series opener?	9
WORRY	Cause of fitful sleep	4
WORSE	Like :( vis-à-vis :/	4
WORST	Ranking 50th among all states, say	6
WORTH	Concern for an antiquer	4
WOULD	Intend to	3
WOUND	Concern for a medic	4
WOVEN	Like straw baskets	4
WRACK	Destroy	2
WRATH	Face reddener	4
WREAK	Unleash, as havoc	4
WRECK	Ruin	3
WREST	Pull with force	4
WRING	Squeeze, as a mop	4
WRIST	Flick site?	9
WRITE	Produce plays, say	5
WRONG	Double-cross, e.g.	6
WROTE	Dashed off, say	7
WRUNG	Twisted, as a wet towel	3
WRYLY	With a wink, say	7
YACHT	Vessel that's 1% full?	10
YEARN	Feel nostalgia, e.g.	6
YEAST	Something matzo lacks	3
YIELD	Say uncle	6
YOUNG	Y.M.C.A. section?	10
YOUTH	Teens, e.g.	7
ZEBRA	Inspiration for some fashion lines?	9
ZESTY	Far from flavorless	4
ZONAL	Relating to areas	4
